{
    "soccer_results": {
      "league": "Premier League",
      "thumbnail": "https://static.fctables.com/upload/zz/zzs12578de0617d997/premier-league-logo.png",
      "totalDays": 38,
      "games": [
          {
            "matchDay":28,
            "status": "FT",
            "date": "3/14",
            "logo": "https://ssl.gstatic.com/onebox/media/sports/videos/vita/MIHl--WdTS5H14j6_768x432.jpg",
            "link": "https://www.youtube.com/watch?v=GRgEGdVn2ps&feature=onebox",
            "teams": [
              {
                "name": "Man United",
                "score": "1",
                "thumbnail": "https://ssl.gstatic.com/onebox/media/sports/logos/udQ6ns69PctCv143h-GeYw_48x48.png"
              },
              {
                "name": "West Ham",
                "score": "0",
                "thumbnail": "https://ssl.gstatic.com/onebox/media/sports/logos/bXkiyIzsbDip3x2FFcUU3A_48x48.png"
              }
            ]
          },
          {
            "matchDay":28,
            "status": "FT",
            "date": "3/15",
            "logo": "https://ssl.gstatic.com/onebox/media/sports/videos/vita/uWmk1MNKpJ7CtliB_768x432.jpg",
            "link":"https://www.youtube.com/watch?v=L6JebqqZbMg&feature=onebox",
            "teams": [
              {
                "name": "Wolves",
                "score": "0",
                "thumbnail": "https://ssl.gstatic.com/onebox/media/sports/logos/-WjHLbBIQO9xE2e2MW3OPQ_48x48.png"
              },
              {
                "name": "Liverpool",
                "score": "1",
                "thumbnail": "https://ssl.gstatic.com/onebox/media/sports/logos/0iShHhASp5q1SL4JhtwJiw_48x48.png"
              }
            ]
          },          
          {
            "matchDay":29,
            "status": "FT",
            "date": "3/19",
            "logo": "https://ssl.gstatic.com/onebox/media/sports/videos/vita/YBkKqLYE8nb_F9ps_768x432.jpg",
            "link": "https://www.youtube.com/watch?v=ve8SL8jt7tY&feature=onebox",
            "teams": [
              {
                "name": "Fulham",
                "score": "1",
                "thumbnail": "https://ssl.gstatic.com/onebox/media/sports/logos/Gh7_5p3n364p4vxeM8FhNg_48x48.png"
              },
              {
                "name": "Leeds United",
                "score": "2",
                "thumbnail": "https://ssl.gstatic.com/onebox/media/sports/logos/5dqfOKpjjW6EwTAx_FysKQ_48x48.png"
              }
            ]
          },          
          {
            "matchDay":29,
            "status": "FT",
            "date": "3/20",
            "logo": "https://ssl.gstatic.com/onebox/media/sports/videos/vita/isI6r41SvplkqGqR_768x432.jpg",
            "link": "https://www.youtube.com/watch?v=XSVJsmRhoN4&feature=onebox",
            "teams": [
              {
                "name": "Brighton",
                "score": "3",
                "thumbnail": "https://ssl.gstatic.com/onebox/media/sports/logos/EKIe0e-ZIphOcfQAwsuEEQ_48x48.png"
              },
              {
                "name": "Newcastle",
                "score": "0",
                "thumbnail": "https://ssl.gstatic.com/onebox/media/sports/logos/96CcNNQ0AYDAbssP0V9LuQ_48x48.png"
              }
            ]
          },          
          {
            "matchDay":18,
            "status": "FT",
            "date": "3/21",
            "logo": "https://ssl.gstatic.com/onebox/media/sports/videos/vita/D-PufzoMmZhmZcYy_768x432.jpg",
            "link": "https://www.youtube.com/watch?v=f7S95__i7DA&feature=onebox",
            "teams": [
              {
                "name": "Aston Villa",
                "score": "0",
                "thumbnail": "https://ssl.gstatic.com/onebox/media/sports/logos/uyNNelfnFvCEnsLrUL-j2Q_48x48.png"
              },
              {
                "name": "Tottenham",
                "score": "2",
                "thumbnail": "https://ssl.gstatic.com/onebox/media/sports/logos/k3Q_mKE98Dnohrcea0JFgQ_48x48.png"
              }
            ]
          },
          {
            "matchDay":29,
            "status": "FT",
            "date": "3/21",
            "logo": "https://ssl.gstatic.com/onebox/media/sports/videos/vita/gUUKA009VhU-c1xc_768x432.jpg",
            "link": "https://www.youtube.com/watch?v=1ue5FO-2NBg&feature=onebox",
            "teams": [
              {
                "name": "West Ham",
                "score": "3",
                "thumbnail": "https://ssl.gstatic.com/onebox/media/sports/logos/bXkiyIzsbDip3x2FFcUU3A_48x48.png"
              },
              {
                "name": "Arsenal",
                "score": "3",
                "thumbnail": "https://ssl.gstatic.com/onebox/media/sports/logos/4us2nCgl6kgZc0t3hpW75Q_48x48.png"
              }
            ]
          }
      ]
    }
}