{ "articles": [
    {
        "title": "Liverpool's Salah on potential La Liga move: 'Maybe one day, yes'",
        "source": "ESPN",
        "date":"2021-03-30",
        "link":"https://www.espn.com/soccer/soccer-transfers/story/4348608/liverpools-salah-on-potential-la-liga-move-maybe-one-dayyes"
    },
    {
        "title":"Manchester City's all-time top scorer Sergio Aguero will leave the club at the end of the season",
        "source":"CNN",
        "date":"2021-03-30",
        "link":"https://www.cnn.com/2021/03/30/football/manchester-city-sergio-aguero-exit-spt-intl/index.html"
    },
    {
        "title":"Manchester United 2021-22 home kit leaked",
        "source":"The Busby Babe",
        "date":"2021-03-30T11:49:00.0200Z",
        "link":"https://thebusbybabe.sbnation.com/2021/3/30/22358670/manchester-united-2021-22-home-kit-leaked-adidas"
    },
    {
        "title":"TRANSFER NEWS: ARSENAL INTERESTED IN SIGNING JESPER LINDSTROM",
        "source":"The Hard Tackle",
        "date":"2021-03-30",
        "link":"http://www.thehardtackle.com/news/2021/03/31/transfer-news-arsenal-interested-in-signing-jesper-lindstrom/"
    },
    {
        "title":"Orlando City's Daryl Dike wins trio of awards after red-hot form on loan at Barnsley",
        "source":"MLSsoccer.com",
        "date":"2021-03-30",
        "link":"https://www.mlssoccer.com/post/2021/03/30/orlando-citys-daryl-dike-wins-trio-awards-after-red-hot-form-loan-barnsley"
    }
]}